{
    "true": {
        "E10": {
            "mp": {
                "num": {
                    "avg": 0.8168786877882399,
                    "median": 0.7599999662488699,
                    "total": 8178.5600000293925,
                    "p95": 1.1300000478513539
                },
                "str": {
                    "avg": 0.8915586557010817,
                    "median": 0.8249999955296516,
                    "total": 8922.635000024457,
                    "p95": 1.2250000145286322
                },
                "obj": {
                    "avg": 0.9017471747152661,
                    "median": 0.8400000515393913,
                    "total": 9025.550000020303,
                    "p95": 1.234999974258244
                }
            },
            "ipc": {
                "num": {
                    "avg": 0.6790559999586548,
                    "median": 0.6249999860301614,
                    "total": 6795.834999997169,
                    "p95": 0.9250000002793968
                },
                "str": {
                    "avg": 0.6983944999345113,
                    "median": 0.6399999838322401,
                    "total": 6989.7950000013225,
                    "p95": 0.9599999757483602
                },
                "obj": {
                    "avg": 0.8736905001394917,
                    "median": 0.8099999977275729,
                    "total": 8742.380000010598,
                    "p95": 1.1599999852478504
                }
            }
        },
        "E16": {
            "mp": {
                "num": {
                    "avg": 0.82015201521225,
                    "median": 0.7999999523162842,
                    "total": 8234.199999988079,
                    "p95": 1.100000023841858
                },
                "str": {
                    "avg": 0.811251125105358,
                    "median": 0.7999999523162842,
                    "total": 8118.199999988079,
                    "p95": 1.100000023841858
                },
                "obj": {
                    "avg": 0.8526052605069772,
                    "median": 0.800000011920929,
                    "total": 8532.299999952316,
                    "p95": 1.199999988079071
                }
            },
            "ipc": {
                "num": {
                    "avg": 0.6725000000178813,
                    "median": 0.6000000238418579,
                    "total": 6731.100000023842,
                    "p95": 0.9000000357627869
                },
                "str": {
                    "avg": 0.6651400000154972,
                    "median": 0.6000000238418579,
                    "total": 6657.600000023842,
                    "p95": 0.9000000357627869
                },
                "obj": {
                    "avg": 0.8577300000309944,
                    "median": 0.800000011920929,
                    "total": 8582.899999976158,
                    "p95": 1.199999988079071
                }
            }
        }
    },
    "false": {
        "E10": {
            "mp": {
                "num": {
                    "avg": 0.8044814480645507,
                    "median": 0.750000006519258,
                    "total": 8068.649999971967,
                    "p95": 1.1100000119768083
                },
                "str": {
                    "avg": 0.8001250123724074,
                    "median": 0.7350000087171793,
                    "total": 8007.165000017267,
                    "p95": 1.0599999804981053
                },
                "obj": {
                    "avg": 0.8483853385442275,
                    "median": 0.7899999618530273,
                    "total": 8490.81499996828,
                    "p95": 1.125000009778887
                }
            },
            "ipc": {
                "num": {
                    "avg": 0.6591195000568405,
                    "median": 0.5949999904260039,
                    "total": 6598.115000000689,
                    "p95": 0.9450000361539423
                },
                "str": {
                    "avg": 0.6610319999279455,
                    "median": 0.6050000083632767,
                    "total": 6615.470000018831,
                    "p95": 0.8950000046752393
                },
                "obj": {
                    "avg": 0.7344505000102799,
                    "median": 0.6750000175088644,
                    "total": 7349.63000001153,
                    "p95": 0.9852499904809483
                }
            }
        },
        "E16": {
            "mp": {
                "num": {
                    "avg": 0.8611561155924857,
                    "median": 0.800000011920929,
                    "total": 8639.5,
                    "p95": 1.2000000476837158
                },
                "str": {
                    "avg": 0.8400140013894101,
                    "median": 0.800000011920929,
                    "total": 8406.699999988079,
                    "p95": 1.199999988079071
                },
                "obj": {
                    "avg": 0.8773677367629474,
                    "median": 0.800000011920929,
                    "total": 8780.399999976158,
                    "p95": 1.199999988079071
                }
            },
            "ipc": {
                "num": {
                    "avg": 0.6716499999940395,
                    "median": 0.6000000238418579,
                    "total": 6723.5,
                    "p95": 0.9000000357627869
                },
                "str": {
                    "avg": 0.6754299999892711,
                    "median": 0.6000000238418579,
                    "total": 6759.5,
                    "p95": 0.9000000357627869
                },
                "obj": {
                    "avg": 0.7013399999976158,
                    "median": 0.699999988079071,
                    "total": 7018.699999988079,
                    "p95": 0.9000000357627869
                }
            }
        }
    }
}