{
    "true": {
        "E10": {
            "2-way": {
                "message_port": {
                    "avg": 0.1154114499996649,
                    "median": 0.10000000474974513,
                    "total": 11940.615000028629,
                    "p95": 0.1700000138953328
                },
                "ipc": {
                    "avg": 0.15226524992496707,
                    "median": 0.13999996008351445,
                    "total": 15671.94000002928,
                    "p95": 0.23499998496845365
                }
            },
            "1-way": {
                "message_port": {
                    "avg": 0.008013050025911071,
                    "median": 0.00500003807246685,
                    "total": 866.5299999993294,
                    "p95": 0.014999997802078724
                },
                "ipc": {
                    "avg": 0.013030100048636086,
                    "median": 0.010000017937272787,
                    "total": 1369.460000016261,
                    "p95": 0.02500001573935151
                }
            }
        },
        "E16": {
            "2-way": {
                "message_port": {
                    "avg": 0.1024169999963045,
                    "median": 0.10000002384185791,
                    "total": 10591.5,
                    "p95": 0.19999998807907104
                },
                "ipc": {
                    "avg": 0.1093509999871254,
                    "median": 0.10000002384185791,
                    "total": 11296.799999952316,
                    "p95": 0.20000004768371582
                }
            },
            "1-way": {
                "message_port": {
                    "avg": 0.00812099999666214,
                    "median": 0,
                    "total": 883.4000000357628,
                    "p95": 0.09999996423721313
                },
                "ipc": {
                    "avg": 0.012211999997496606,
                    "median": 0,
                    "total": 1282.6000000238419,
                    "p95": 0.10000002384185791
                }
            }
        }
    },
    "false": {
        "E10": {
            "2-way": {
                "message_port": {
                    "avg": 0.1102107000007527,
                    "median": 0.09499996667727828,
                    "total": 11396.565000002738,
                    "p95": 0.1699999556876719
                },
                "ipc": {
                    "avg": 0.13175044996954965,
                    "median": 0.11999998241662979,
                    "total": 13608.5599999642,
                    "p95": 0.2050000475719571
                }
            },
            "1-way": {
                "message_port": {
                    "avg": 0.008017599962186069,
                    "median": 0.00500003807246685,
                    "total": 865.349999978207,
                    "p95": 0.014999997802078724
                },
                "ipc": {
                    "avg": 0.005656649938900955,
                    "median": 0.004999979864805937,
                    "total": 622.0200000097975,
                    "p95": 0.010000017937272787
                }
            }
        },
        "E16": {
            "2-way": {
                "message_port": {
                    "avg": 0.10125899999141694,
                    "median": 0.10000002384185791,
                    "total": 10465.100000023842,
                    "p95": 0.19999998807907104
                },
                "ipc": {
                    "avg": 0.0872770000064373,
                    "median": 0.09999996423721313,
                    "total": 9062.800000011921,
                    "p95": 0.19999998807907104
                }
            },
            "1-way": {
                "message_port": {
                    "avg": 0.008283000006079674,
                    "median": 0,
                    "total": 896.6000000238419,
                    "p95": 0.09999996423721313
                },
                "ipc": {
                    "avg": 0.005741999988555908,
                    "median": 0,
                    "total": 629.2999999523163,
                    "p95": 0.09999996423721313
                }
            }
        }
    }
}